"my_date","my_value","bullet","bulletClass","label"
"19.12.2007","24.7236","","",""
"20.12.2007","24.7281","","",""
"21.12.2007","24.7529","","",""
"22.12.2007","24.7235","","",""
"25.12.2007","24.7307","","",""
"26.12.2007","24.7196","","",""
"27.12.2007","24.7019","","",""
"28.12.2007","24.6387","","",""
"29.12.2007","24.5398","","",""
"30.12.2007","24.5462","","",""
"10.01.2008","24.4387","","",""
"11.01.2008","24.4796","","",""
"12.01.2008","24.3671","","",""
"15.01.2008","24.2913","","",""
"16.01.2008","24.2858","","",""
"17.01.2008","24.3367","","",""
"18.01.2008","24.5043","","",""
"19.01.2008","24.5076","","",""
"22.01.2008","24.6456","","",""
"23.01.2008","24.8917","","",""
"24.01.2008","24.6325","","",""
"25.01.2008","24.6349","","",""
"26.01.2008","24.4386","","",""
"29.01.2008","24.5952","","",""
"30.01.2008","24.4750","","",""
"31.01.2008","24.4764","","",""
"01.02.2008","24.4262","","",""
"02.02.2008","24.4201","","",""
"05.02.2008","24.4543","","",""
"06.02.2008","24.5211","","",""
"07.02.2008","24.6706","","",""
"08.02.2008","24.6466","","",""
"09.02.2008","24.7813","","",""
"12.02.2008","24.6715","","",""
"13.02.2008","24.6537","","",""
"14.02.2008","24.6655","","",""
"15.02.2008","24.6392","","",""
"16.02.2008","24.5861","","",""
"19.02.2008","24.5767","","",""
"20.02.2008","24.5206","","",""
"21.02.2008","24.5486","","",""
"22.02.2008","24.5299","","",""
"23.02.2008","24.4663","","",""
"27.02.2008","24.4558","","",""
"28.02.2008","24.1966","","",""
"29.02.2008","24.1159","","",""
"01.03.2008","24.0023","","",""
"04.03.2008","24.0103","","",""
"05.03.2008","24.0480","","",""
"06.03.2008","24.0473","","",""
"07.03.2008","23.9349","","",""
"08.03.2008","23.8353","","",""
"12.03.2008","23.8587","","",""
"13.03.2008","23.8461","","",""
"14.03.2008","23.6924","","",""
"15.03.2008","23.6490","","",""
"18.03.2008","23.5126","","",""
"19.03.2008","23.5325","","",""
"20.03.2008","23.5581","","",""
"21.03.2008","23.6781","","",""
"22.03.2008","23.7773","","",""
"25.03.2008","23.8351","","",""
"26.03.2008","23.7010","","",""
"27.03.2008","23.6559","","",""
"28.03.2008","23.5171","","",""
"29.03.2008","23.5156","","",""
"01.04.2008","23.5027","","",""
"02.04.2008","23.5799","","",""
"03.04.2008","23.6706","","",""
"04.04.2008","23.6153","","",""
"05.04.2008","23.5982","","",""
"08.04.2008","23.6028","","",""
"09.04.2008","23.5330","","",""
"10.04.2008","23.5437","","",""
"11.04.2008","23.4628","","",""
"12.04.2008","23.4825","","",""
"15.04.2008","23.5139","","",""
"16.04.2008","23.4549","","",""
"17.04.2008","23.4482","","",""
"18.04.2008","23.3703","","",""
"19.04.2008","23.3696","","",""
"22.04.2008","23.4704","","",""
"23.04.2008","23.4299","","",""
"24.04.2008","23.3448","","",""
"25.04.2008","23.4391","","",""
"26.04.2008","23.6007","","",""
"29.04.2008","23.6037","","",""
"30.04.2008","23.6471","","",""
"01.05.2008","23.6588","","",""
"05.05.2008","23.7939","","",""
"06.05.2008","23.7633","","",""
"07.05.2008","23.7456","","",""
"08.05.2008","23.7523","","",""
"09.05.2008","23.8833","","",""
"13.05.2008","23.8328","","",""
"14.05.2008","23.7199","","",""
"15.05.2008","23.8521","","",""
"16.05.2008","23.8482","","",""
"17.05.2008","23.8391","","",""
"20.05.2008","23.7238","","",""
"21.05.2008","23.7462","","",""
"22.05.2008","23.6874","","",""
"23.05.2008","23.5758","","",""
"24.05.2008","23.6007","","",""
"27.05.2008","23.5483","","",""
"28.05.2008","23.5513","","",""
"29.05.2008","23.5847","","",""
"30.05.2008","23.6659","","",""
"31.05.2008","23.7384","","",""
"03.06.2008","23.7473","","",""
"04.06.2008","23.6968","","",""
"05.06.2008","23.8019","","",""
"06.06.2008","23.8116","","",""
"07.06.2008","23.6809","","",""
"08.06.2008","23.5651","","",""
"10.06.2008","23.5210","","",""
"11.06.2008","23.6109","","",""
"12.06.2008","23.6748","","",""
"17.06.2008","23.7795","","",""
"18.06.2008","23.6402","","",""
"19.06.2008","23.6586","","",""
"20.06.2008","23.5979","","",""
"21.06.2008","23.6288","","",""
"24.06.2008","23.5908","","",""
"25.06.2008","23.6223","","",""
"26.06.2008","23.6113","","",""
"27.06.2008","23.5245","","",""
"28.06.2008","23.4573","","",""
"01.07.2008","23.4068","","",""
"02.07.2008","23.4689","","",""
"03.07.2008","23.4147","","",""
"04.07.2008","23.3759","","",""
"05.07.2008","23.5125","","",""
"08.07.2008","23.5589","","",""
"09.07.2008","23.5024","","",""
"10.07.2008","23.4147","","",""
"11.07.2008","23.4363","","",""
"12.07.2008","23.3727","","",""
"15.07.2008","23.2300","","",""
"16.07.2008","23.1255","round","min-pulsating-bullet","мин"
"17.07.2008","23.1638","","",""
"18.07.2008","23.2250","","",""
"19.07.2008","23.1937","","",""
"22.07.2008","23.2120","","",""
"23.07.2008","23.1960","","",""
"24.07.2008","23.3220","","",""
"25.07.2008","23.3782","","",""
"26.07.2008","23.3572","","",""
"29.07.2008","23.3610","","",""
"30.07.2008","23.3278","","",""
"31.07.2008","23.4456","","",""
"01.08.2008","23.4186","","",""
"02.08.2008","23.4697","","",""
"05.08.2008","23.4039","","",""
"06.08.2008","23.4354","","",""
"07.08.2008","23.5142","","",""
"08.08.2008","23.5816","","",""
"09.08.2008","23.8782","","",""
"12.08.2008","24.5697","","",""
"13.08.2008","24.3424","","",""
"14.08.2008","24.1559","","",""
"15.08.2008","24.2901","","",""
"16.08.2008","24.5054","","",""
"19.08.2008","24.4898","","",""
"20.08.2008","24.5703","","",""
"21.08.2008","24.4316","","",""
"22.08.2008","24.3013","","",""
"23.08.2008","24.2699","","",""
"26.08.2008","24.4389","","",""
"27.08.2008","24.5803","","",""
"28.08.2008","24.6019","","",""
"29.08.2008","24.5474","","",""
"30.08.2008","24.5769","","",""
"02.09.2008","24.6670","","",""
"03.09.2008","24.7184","","",""
"04.09.2008","24.8739","","",""
"05.09.2008","25.2144","","",""
"06.09.2008","25.4552","","",""
"09.09.2008","25.2626","","",""
"10.09.2008","25.5814","","",""
"11.09.2008","25.5761","","",""
"12.09.2008","25.7842","","",""
"13.09.2008","25.7013","","",""
"16.09.2008","25.3938","","",""
"17.09.2008","25.5064","","",""
"18.09.2008","25.5245","","",""
"19.09.2008","25.4307","","",""
"20.09.2008","25.4863","","",""
"23.09.2008","25.2690","","",""
"24.09.2008","24.9864","","",""
"25.09.2008","25.0703","","",""
"26.09.2008","24.8982","","",""
"27.09.2008","25.0221","","",""
"30.09.2008","25.2464","","",""
"01.10.2008","25.3718","","",""
"02.10.2008","25.6023","","",""
"03.10.2008","25.8213","","",""
"04.10.2008","25.8993","","",""
"07.10.2008","26.1784","","",""
"08.10.2008","26.1791","","",""
"09.10.2008","26.1629","","",""
"10.10.2008","26.0695","","",""
"11.10.2008","26.2080","","",""
"14.10.2008","26.1111","","",""
"15.10.2008","26.0871","","",""
"16.10.2008","26.1347","","",""
"17.10.2008","26.3691","","",""
"18.10.2008","26.2505","","",""
"21.10.2008","26.0561","","",""
"22.10.2008","26.4417","","",""
"23.10.2008","26.9215","","",""
"24.10.2008","26.9793","","",""
"25.10.2008","27.0596","","",""
"28.10.2008","27.3507","","",""
"29.10.2008","27.3018","","",""
"30.10.2008","27.0979","","",""
"31.10.2008","26.5430","","",""
"01.11.2008","27.0981","","",""
"02.11.2008","27.0793","","",""
"06.11.2008","26.9146","","",""
"07.11.2008","26.9114","","",""
"08.11.2008","27.0041","","",""
"11.11.2008","26.9639","","",""
"12.11.2008","27.3399","","",""
"13.11.2008","27.4704","","",""
"14.11.2008","27.6704","","",""
"15.11.2008","27.3386","","",""
"18.11.2008","27.4374","","",""
"19.11.2008","27.4301","","",""
"20.11.2008","27.4413","","",""
"21.11.2008","27.5715","","",""
"22.11.2008","27.5665","","",""
"25.11.2008","27.6613","","",""
"26.11.2008","27.3913","","",""
"27.11.2008","27.3563","","",""
"28.11.2008","27.4216","","",""
"29.11.2008","27.6060","","",""
"02.12.2008","27.9409","","",""
"03.12.2008","28.0166","","",""
"04.12.2008","27.9212","","",""
"05.12.2008","27.9576","","",""
"06.12.2008","28.0916","","",""
"09.12.2008","28.0043","","",""
"10.12.2008","28.0029","","",""
"11.12.2008","27.8671","","",""
"12.12.2008","27.9310","","",""
"13.12.2008","27.8077","","",""
"16.12.2008","27.8160","","",""
"17.12.2008","27.6009","","",""
"18.12.2008","27.5199","","",""
"19.12.2008","27.6095","","",""
"20.12.2008","27.7351","","",""
"23.12.2008","28.2682","","",""
"24.12.2008","28.3359","","",""
"25.12.2008","28.6119","","",""
"26.12.2008","28.6735","","",""
"27.12.2008","29.0058","","",""
"30.12.2008","29.2300","","",""
"31.12.2008","29.3804","","",""
"01.01.2009","29.3916","","",""
"12.01.2009","30.5331","","",""
"13.01.2009","30.9981","","",""
"14.01.2009","31.2226","","",""
"15.01.2009","31.5616","","",""
"16.01.2009","32.2135","","",""
"17.01.2009","32.5747","","",""
"20.01.2009","32.9085","","",""
"21.01.2009","33.4154","","",""
"22.01.2009","32.6430","","",""
"23.01.2009","32.7991","","",""
"24.01.2009","32.8926","","",""
"27.01.2009","32.9018","","",""
"28.01.2009","32.9979","","",""
"29.01.2009","33.2155","","",""
"30.01.2009","34.6847","","",""
"31.01.2009","35.4146","","",""
"03.02.2009","36.1767","","",""
"04.02.2009","36.1290","","",""
"05.02.2009","36.0135","","",""
"06.02.2009","36.3095","","",""
"07.02.2009","36.3798","","",""
"10.02.2009","36.1258","","",""
"11.02.2009","35.9285","","",""
"12.02.2009","35.8323","","",""
"13.02.2009","34.8003","","",""
"14.02.2009","34.5578","","",""
"17.02.2009","34.7797","","",""
"18.02.2009","35.6345","","",""
"19.02.2009","36.4267","","",""
"20.02.2009","36.0910","","",""
"21.02.2009","36.0760","","",""
"25.02.2009","36.0254","","",""
"26.02.2009","35.7442","","",""
"27.02.2009","35.7223","","",""
"28.02.2009","35.7205","","",""
"03.03.2009","36.1644","","",""
"04.03.2009","36.2054","","",""
"05.03.2009","36.2284","","",""
"06.03.2009","35.8899","","",""
"07.03.2009","35.7374","","",""
"11.03.2009","35.4534","","",""
"12.03.2009","35.1164","","",""
"13.03.2009","35.2944","","",""
"14.03.2009","34.8316","","",""
"17.03.2009","34.8388","","",""
"18.03.2009","34.5318","","",""
"19.03.2009","34.4203","","",""
"20.03.2009","33.8222","","",""
"21.03.2009","33.4230","","",""
"24.03.2009","33.3034","","",""
"25.03.2009","33.2726","","",""
"26.03.2009","33.7268","","",""
"27.03.2009","33.4668","","",""
"28.03.2009","33.4133","","",""
"31.03.2009","34.0134","","",""
"01.04.2009","33.9032","","",""
"02.04.2009","33.9456","","",""
"03.04.2009","33.7636","","",""
"04.04.2009","33.4095","","",""
"07.04.2009","33.1743","","",""
"08.04.2009","33.3840","","",""
"09.04.2009","33.7781","","",""
"10.04.2009","33.5334","","",""
"11.04.2009","33.6309","","",""
"14.04.2009","33.4863","","",""
"15.04.2009","33.3887","","",""
"16.04.2009","33.4507","","",""
"17.04.2009","33.4184","","",""
"18.04.2009","33.4677","","",""
"21.04.2009","33.5371","","",""
"22.04.2009","34.1043","","",""
"23.04.2009","34.0597","","",""
"24.04.2009","33.7848","","",""
"25.04.2009","33.4187","","",""
"28.04.2009","33.3904","","",""
"29.04.2009","33.5533","","",""
"30.04.2009","33.2491","","",""
"01.05.2009","32.9740","","",""
"05.05.2009","32.9672","","",""
"06.05.2009","32.8146","","",""
"07.05.2009","32.8883","","",""
"08.05.2009","32.7915","","",""
"09.05.2009","32.5534","","",""
"13.05.2009","32.2817","","",""
"14.05.2009","31.9841","","",""
"15.05.2009","32.1677","","",""
"16.05.2009","32.0797","","",""
"19.05.2009","32.2919","","",""
"20.05.2009","31.9498","","",""
"21.05.2009","31.8009","","",""
"22.05.2009","31.4586","","",""
"23.05.2009","31.1998","","",""
"26.05.2009","31.0516","","",""
"27.05.2009","31.1465","","",""
"28.05.2009","31.1846","","",""
"29.05.2009","31.3259","","",""
"30.05.2009","30.9843","","",""
"02.06.2009","30.7441","","",""
"03.06.2009","30.7321","","",""
"04.06.2009","30.5131","","",""
"05.06.2009","30.8767","","",""
"06.06.2009","30.6919","","",""
"09.06.2009","31.0751","","",""
"10.06.2009","31.2637","","",""
"11.06.2009","30.9277","","",""
"12.06.2009","30.9124","","",""
"16.06.2009","31.1548","","",""
"17.06.2009","31.3185","","",""
"18.06.2009","31.1297","","",""
"19.06.2009","31.0998","","",""
"20.06.2009","31.1541","","",""
"23.06.2009","31.2408","","",""
"24.06.2009","31.5765","","",""
"25.06.2009","31.1365","","",""
"26.06.2009","31.2037","","",""
"27.06.2009","31.1184","","",""
"30.06.2009","31.2904","","",""
"01.07.2009","31.0385","","",""
"02.07.2009","31.1904","","",""
"03.07.2009","31.1252","","",""
"04.07.2009","31.2481","","",""
"07.07.2009","31.4143","","",""
"08.07.2009","31.4695","","",""
"09.07.2009","31.7819","","",""
"10.07.2009","31.8878","","",""
"11.07.2009","32.0353","","",""
"14.07.2009","33.0597","","",""
"15.07.2009","32.5072","","",""
"16.07.2009","32.0470","","",""
"17.07.2009","31.6943","","",""
"18.07.2009","31.7837","","",""
"21.07.2009","31.3733","","",""
"22.07.2009","31.1791","","",""
"23.07.2009","31.0785","","",""
"24.07.2009","31.0760","","",""
"25.07.2009","31.1372","","",""
"28.07.2009","30.7457","","",""
"29.07.2009","30.6431","","",""
"30.07.2009","31.4162","","",""
"31.07.2009","31.7555","","",""
"01.08.2009","31.1533","","",""
"04.08.2009","31.2424","","",""
"05.08.2009","31.0484","","",""
"06.08.2009","31.1326","","",""
"07.08.2009","31.1814","","",""
"08.08.2009","31.5473","","",""
"11.08.2009","31.6503","","",""
"12.08.2009","31.7477","","",""
"13.08.2009","32.6926","","",""
"14.08.2009","32.1457","","",""
"15.08.2009","31.7226","","",""
"18.08.2009","32.2874","","",""
"19.08.2009","31.9187","","",""
"20.08.2009","31.9191","","",""
"21.08.2009","31.6011","","",""
"22.08.2009","31.9443","","",""
"25.08.2009","31.5544","","",""
"26.08.2009","31.5437","","",""
"27.08.2009","31.4007","","",""
"28.08.2009","31.6405","","",""
"29.08.2009","31.5687","","",""
"01.09.2009","31.8397","","",""
"02.09.2009","31.7743","","",""
"03.09.2009","31.9730","","",""
"04.09.2009","31.7679","","",""
"05.09.2009","31.6062","","",""
"08.09.2009","31.4298","","",""
"09.09.2009","31.3754","","",""
"10.09.2009","31.1452","","",""
"11.09.2009","30.8851","","",""
"12.09.2009","30.7246","","",""
"15.09.2009","30.8617","","",""
"16.09.2009","30.9895","","",""
"17.09.2009","30.6067","","",""
"18.09.2009","30.3881","","",""
"19.09.2009","30.3744","","",""
"22.09.2009","30.3711","","",""
"23.09.2009","30.2385","","",""
"24.09.2009","30.0004","","",""
"25.09.2009","30.0678","","",""
"26.09.2009","30.1370","","",""
"29.09.2009","30.1985","","",""
"30.09.2009","30.0922","","",""
"01.10.2009","30.0087","","",""
"02.10.2009","30.0621","","",""
"03.10.2009","30.1240","","",""
"06.10.2009","30.0785","","",""
"07.10.2009","29.8322","","",""
"08.10.2009","29.7819","","",""
"09.10.2009","29.6396","","",""
"10.10.2009","29.6090","","",""
"13.10.2009","29.5945","","",""
"14.10.2009","29.5043","","",""
"15.10.2009","29.4651","","",""
"16.10.2009","29.3206","","",""
"17.10.2009","29.3281","","",""
"20.10.2009","29.3553","","",""
"21.10.2009","29.1911","","",""
"22.10.2009","29.1641","","",""
"23.10.2009","29.0858","","",""
"24.10.2009","29.0003","","",""
"27.10.2009","28.9403","","",""
"28.10.2009","29.0184","","",""
"29.10.2009","29.1749","","",""
"30.10.2009","29.3441","","",""
"31.10.2009","29.0488","","",""
"03.11.2009","29.1944","","",""
"04.11.2009","29.2337","","",""
"06.11.2009","29.1330","","",""
"07.11.2009","29.0156","","",""
"10.11.2009","28.8497","","",""
"11.11.2009","28.7391","","",""
"12.11.2009","28.7007","","",""
"13.11.2009","28.6701","","",""
"14.11.2009","28.8345","","",""
"17.11.2009","28.6705","","",""
"18.11.2009","28.6768","","",""
"19.11.2009","28.7163","","",""
"20.11.2009","28.7459","","",""
"21.11.2009","28.8554","","",""
"24.11.2009","28.7986","","",""
"25.11.2009","28.8481","","",""
"26.11.2009","28.7909","","",""
"27.11.2009","28.8751","","",""
"28.11.2009","29.8179","","",""
"01.12.2009","29.0687","","",""
"02.12.2009","29.1771","","",""
"03.12.2009","29.0560","","",""
"04.12.2009","29.2427","","",""
"05.12.2009","29.1979","","",""
"08.12.2009","29.5221","","",""
"09.12.2009","30.1839","","",""
"10.12.2009","30.7562","","",""
"11.12.2009","30.6268","","",""
"12.12.2009","30.2107","","",""
"15.12.2009","30.0481","","",""
"16.12.2009","30.0678","","",""
"17.12.2009","30.1978","","",""
"18.12.2009","30.4392","","",""
"19.12.2009","30.7187","","",""
"22.12.2009","30.5529","","",""
"23.12.2009","30.4439","","",""
"24.12.2009","30.5007","","",""
"25.12.2009","29.9292","","",""
"26.12.2009","29.4266","","",""
"29.12.2009","29.5952","","",""
"30.12.2009","29.8491","","",""
"31.12.2009","30.2442","","",""
"01.01.2010","30.1851","","",""
"12.01.2010","29.4283","","",""
"13.01.2010","29.3774","","",""
"14.01.2010","29.6409","","",""
"15.01.2010","29.4299","","",""
"16.01.2010","29.5603","","",""
"19.01.2010","29.5963","","",""
"20.01.2010","29.5184","","",""
"21.01.2010","29.6941","","",""
"22.01.2010","29.7486","","",""
"23.01.2010","29.7458","","",""
"26.01.2010","30.0946","","",""
"27.01.2010","30.3136","","",""
"28.01.2010","30.2921","","",""
"29.01.2010","30.3631","","",""
"30.01.2010","30.4312","","",""
"02.02.2010","30.3996","","",""
"03.02.2010","30.1830","","",""
"04.02.2010","29.8779","","",""
"05.02.2010","30.0054","","",""
"06.02.2010","30.4666","","",""
"09.02.2010","30.5158","","",""
"10.02.2010","30.3735","","",""
"11.02.2010","30.2462","","",""
"12.02.2010","30.1245","","",""
"13.02.2010","30.1595","","",""
"16.02.2010","30.2207","","",""
"17.02.2010","30.1176","","",""
"18.02.2010","29.9761","","",""
"19.02.2010","30.1138","","",""
"20.02.2010","30.1510","","",""
"25.02.2010","30.0309","","",""
"26.02.2010","30.0521","","",""
"27.02.2010","30.0388","","",""
"28.02.2010","29.9484","","",""
"02.03.2010","29.9300","","",""
"03.03.2010","29.9779","","",""
"04.03.2010","29.8140","","",""
"05.03.2010","29.8217","","",""
"06.03.2010","29.8366","","",""
"10.03.2010","29.7499","","",""
"11.03.2010","29.7249","","",""
"12.03.2010","29.5195","","",""
"13.03.2010","29.3897","","",""
"16.03.2010","29.3353","","",""
"17.03.2010","29.4242","","",""
"18.03.2010","29.1927","","",""
"19.03.2010","29.2223","","",""
"20.03.2010","29.2565","","",""
"23.03.2010","29.3389","","",""
"24.03.2010","29.4707","","",""
"25.03.2010","29.5764","","",""
"26.03.2010","29.6572","","",""
"27.03.2010","29.5142","","",""
"30.03.2010","29.6309","","",""
"31.03.2010","29.3638","","",""
"01.04.2010","29.4956","","",""
"02.04.2010","29.4394","","",""
"03.04.2010","29.2194","","",""
"06.04.2010","29.2097","","",""
"07.04.2010","29.2416","","",""
"08.04.2010","29.2940","","",""
"09.04.2010","29.4003","","",""
"10.04.2010","29.3232","","",""
"13.04.2010","28.9428","","",""
"14.04.2010","29.0294","","",""
"15.04.2010","29.0444","","",""
"16.04.2010","28.9310","","",""
"17.04.2010","29.0325","","",""
"20.04.2010","29.1969","","",""
"21.04.2010","29.1381","","",""
"22.04.2010","29.0906","","",""
"23.04.2010","29.1288","","",""
"24.04.2010","29.2743","","",""
"27.04.2010","29.0882","","",""
"28.04.2010","29.0623","","",""
"29.04.2010","29.3801","","",""
"30.04.2010","29.2886","","",""
"01.05.2010","29.1537","","",""
"05.05.2010","29.2982","","",""
"06.05.2010","29.6812","","",""
"07.05.2010","30.2971","","",""
"08.05.2010","30.7193","","",""
"12.05.2010","30.3609","","",""
"13.05.2010","30.2048","","",""
"14.05.2010","29.8597","","",""
"15.05.2010","30.0575","","",""
"18.05.2010","30.6986","","",""
"19.05.2010","30.3946","","",""
"20.05.2010","30.6953","","",""
"21.05.2010","30.7523","","",""
"22.05.2010","31.0576","","",""
"25.05.2010","30.8754","","",""
"26.05.2010","31.4293","","",""
"27.05.2010","31.3538","","",""
"28.05.2010","30.8786","","",""
"29.05.2010","30.4956","","",""
"01.06.2010","30.7400","","",""
"02.06.2010","31.0702","","",""
"03.06.2010","31.1900","","",""
"04.06.2010","30.8938","","",""
"05.06.2010","31.0685","","",""
"08.06.2010","31.7798","","",""
"09.06.2010","31.6200","","",""
"10.06.2010","31.7302","","",""
"11.06.2010","31.5742","","",""
"12.06.2010","31.4471","","",""
"16.06.2010","31.4595","","",""
"17.06.2010","31.1566","","",""
"18.06.2010","31.1854","","",""
"19.06.2010","30.8840","","",""
"22.06.2010","30.7267","","",""
"23.06.2010","30.8960","","",""
"24.06.2010","30.9694","","",""
"25.06.2010","31.0149","","",""
"26.06.2010","31.0761","","",""
"29.06.2010","30.9833","","",""
"30.06.2010","31.1954","","",""
"01.07.2010","31.2554","","",""
"02.07.2010","31.3703","","",""
"03.07.2010","31.1942","","",""
"06.07.2010","31.1124","","",""
"07.07.2010","31.1124","","",""
"08.07.2010","31.0922","","",""
"09.07.2010","30.9479","","",""
"10.07.2010","30.7953","","",""
"13.07.2010","30.8823","","",""
"14.07.2010","30.8543","","",""
"15.07.2010","30.5390","","",""
"16.07.2010","30.5619","","",""
"17.07.2010","30.4615","","",""
"20.07.2010","30.5739","","",""
"21.07.2010","30.4058","","",""
"22.07.2010","30.4059","","",""
"23.07.2010","30.5205","","",""
"24.07.2010","30.3839","","",""
"27.07.2010","30.3006","","",""
"28.07.2010","30.2391","","",""
"29.07.2010","30.2066","","",""
"30.07.2010","30.2173","","",""
"31.07.2010","30.1869","","",""
"03.08.2010","30.1861","","",""
"04.08.2010","29.9681","","",""
"05.08.2010","29.7958","","",""
"06.08.2010","29.8633","","",""
"07.08.2010","29.8312","","",""
"10.08.2010","29.8186","","",""
"11.08.2010","30.0239","","",""
"12.08.2010","30.2050","","",""
"13.08.2010","30.4493","","",""
"14.08.2010","30.4199","","",""
"17.08.2010","30.5199","","",""
"18.08.2010","30.4514","","",""
"19.08.2010","30.4257","","",""
"20.08.2010","30.4636","","",""
"21.08.2010","30.5099","","",""
"24.08.2010","30.6041","","",""
"25.08.2010","30.7559","","",""
"26.08.2010","30.8958","","",""
"27.08.2010","30.8227","","",""
"28.08.2010","30.6969","","",""
"31.08.2010","30.6640","","",""
"01.09.2010","30.8669","","",""
"02.09.2010","30.8001","","",""
"03.09.2010","30.6858","","",""
"04.09.2010","30.6922","","",""
"07.09.2010","30.5771","","",""
"08.09.2010","30.7319","","",""
"09.09.2010","30.8873","","",""
"10.09.2010","30.8801","","",""
"11.09.2010","30.8937","","",""
"14.09.2010","30.6831","","",""
"15.09.2010","30.7049","","",""
"16.09.2010","30.7407","","",""
"17.09.2010","31.0223","","",""
"18.09.2010","31.0826","","",""
"21.09.2010","30.9809","","",""
"22.09.2010","31.0814","","",""
"23.09.2010","30.9826","","",""
"24.09.2010","31.0031","","",""
"25.09.2010","30.9480","","",""
"28.09.2010","30.6119","","",""
"29.09.2010","30.6013","","",""
"30.09.2010","30.4030","","",""
"01.10.2010","30.5126","","",""
"02.10.2010","30.5094","","",""
"05.10.2010","30.4960","","",""
"06.10.2010","30.4360","","",""
"07.10.2010","29.8929","","",""
"08.10.2010","29.6334","","",""
"09.10.2010","29.9086","","",""
"12.10.2010","29.8317","","",""
"13.10.2010","30.0763","","",""
"14.10.2010","30.1269","","",""
"15.10.2010","29.9315","","",""
"16.10.2010","30.1243","","",""
"19.10.2010","30.5237","","",""
"20.10.2010","30.4151","","",""
"21.10.2010","30.7968","","",""
"22.10.2010","30.7348","","",""
"23.10.2010","30.4977","","",""
"26.10.2010","30.2258","","",""
"27.10.2010","30.4000","","",""
"28.10.2010","30.5682","","",""
"29.10.2010","30.6786","","",""
"30.10.2010","30.7821","","",""
"02.11.2010","30.7738","","",""
"03.11.2010","30.7941","","",""
"04.11.2010","30.7709","","",""
"09.11.2010","30.8029","","",""
"10.11.2010","30.8612","","",""
"11.11.2010","30.6925","","",""
"12.11.2010","30.5107","","",""
"13.11.2010","30.7722","","",""
"14.11.2010","30.8414","","",""
"16.11.2010","30.8632","","",""
"17.11.2010","31.0560","","",""
"18.11.2010","31.3487","","",""
"19.11.2010","31.1999","","",""
"20.11.2010","30.9490","","",""
"23.11.2010","30.9950","","",""
"24.11.2010","31.2642","","",""
"25.11.2010","31.2929","","",""
"26.11.2010","31.2842","","",""
"27.11.2010","31.3539","","",""
"30.11.2010","31.3061","","",""
"01.12.2010","31.3335","","",""
"02.12.2010","31.4555","","",""
"03.12.2010","31.3518","","",""
"04.12.2010","31.2641","","",""
"07.12.2010","31.2867","","",""
"08.12.2010","31.2238","","",""
"09.12.2010","31.2430","","",""
"10.12.2010","30.9831","","",""
"11.12.2010","30.8604","","",""
"14.12.2010","30.9006","","",""
"15.12.2010","30.7447","","",""
"16.12.2010","30.7199","","",""
"17.12.2010","30.7528","","",""
"18.12.2010","30.6682","","",""
"21.12.2010","30.7746","","",""
"22.12.2010","30.7188","","",""
"23.12.2010","30.7187","","",""
"24.12.2010","30.5922","","",""
"25.12.2010","30.5778","","",""
"28.12.2010","30.4495","","",""
"29.12.2010","30.2720","","",""
"30.12.2010","30.3592","","",""
"31.12.2010","30.4769","","",""
"01.01.2011","30.3505","","",""
"12.01.2011","30.6252","","",""
"13.01.2011","30.3988","","",""
"14.01.2011","30.0926","","",""
"15.01.2011","29.9540","","",""
"18.01.2011","30.0534","","",""
"19.01.2011","29.8881","","",""
"20.01.2011","29.8252","","",""
"21.01.2011","29.9147","","",""
"22.01.2011","30.0109","","",""
"25.01.2011","29.8516","","",""
"26.01.2011","29.7948","","",""
"27.01.2011","29.7768","","",""
"28.01.2011","29.6738","","",""
"29.01.2011","29.6684","","",""
"01.02.2011","29.8018","","",""
"02.02.2011","29.6548","","",""
"03.02.2011","29.4219","","",""
"04.02.2011","29.3489","","",""
"05.02.2011","29.4136","","",""
"08.02.2011","29.3689","","",""
"09.02.2011","29.2550","","",""
"10.02.2011","29.3010","","",""
"11.02.2011","29.3535","","",""
"12.02.2011","29.3200","","",""
"15.02.2011","29.2583","","",""
"16.02.2011","29.2850","","",""
"17.02.2011","29.2735","","",""
"18.02.2011","29.2447","","",""
"19.02.2011","29.2585","","",""
"22.02.2011","29.1549","","",""
"23.02.2011","29.2859","","",""
"25.02.2011","29.1611","","",""
"26.02.2011","28.9405","","",""
"01.03.2011","28.9028","","",""
"02.03.2011","28.7569","","",""
"03.03.2011","28.6277","","",""
"04.03.2011","28.3228","","",""
"05.03.2011","28.1880","","",""
"06.03.2011","28.1717","","",""
"10.03.2011","28.2945","","",""
"11.03.2011","28.4356","","",""
"12.03.2011","28.6317","","",""
"15.03.2011","28.6640","","",""
"16.03.2011","28.7263","","",""
"17.03.2011","28.6582","","",""
"18.03.2011","28.7422","","",""
"19.03.2011","28.4763","","",""
"22.03.2011","28.3675","","",""
"23.03.2011","28.1561","","",""
"24.03.2011","28.2700","","",""
"25.03.2011","28.4015","","",""
"26.03.2011","28.2237","","",""
"29.03.2011","28.4110","","",""
"30.03.2011","28.3436","","",""
"31.03.2011","28.4290","","",""
"01.04.2011","28.5162","","",""
"02.04.2011","28.3684","","",""
"05.04.2011","28.2277","","",""
"06.04.2011","28.3113","","",""
"07.04.2011","28.2164","","",""
"08.04.2011","28.2286","","",""
"09.04.2011","28.1211","","",""
"12.04.2011","27.9758","","",""
"13.04.2011","28.1456","","",""
"14.04.2011","28.1145","","",""
"15.04.2011","28.1886","","",""
"16.04.2011","28.2212","","",""
"19.04.2011","28.1636","","",""
"20.04.2011","28.4213","","",""
"21.04.2011","28.1457","","",""
"22.04.2011","27.9398","","",""
"23.04.2011","27.9396","","",""
"26.04.2011","27.9924","","",""
"27.04.2011","27.8964","","",""
"28.04.2011","27.7144","","",""
"29.04.2011","27.4977","","",""
"30.04.2011","27.5022","","",""
"04.05.2011","27.3348","","",""
"05.05.2011","27.3675","","",""
"06.05.2011","27.2625","","",""
"07.05.2011","27.6635","","",""
"11.05.2011","27.8645","","",""
"12.05.2011","27.6288","","",""
"13.05.2011","27.9472","","",""
"14.05.2011","27.8497","","",""
"17.05.2011","28.1220","","",""
"18.05.2011","28.1177","","",""
"19.05.2011","28.0466","","",""
"20.05.2011","27.9608","","",""
"21.05.2011","27.9145","","",""
"24.05.2011","28.3418","","",""
"25.05.2011","28.4370","","",""
"26.05.2011","28.4794","","",""
"27.05.2011","28.2280","","",""
"28.05.2011","28.1166","","",""
"31.05.2011","28.0685","","",""
"01.06.2011","27.9805","","",""
"02.06.2011","27.9682","","",""
"03.06.2011","28.0419","","",""
"04.06.2011","27.8751","","",""
"07.06.2011","27.7752","","",""
"08.06.2011","27.7814","","",""
"09.06.2011","27.6847","","",""
"10.06.2011","27.7033","","",""
"11.06.2011","27.7907","","",""
"15.06.2011","27.8984","","",""
"16.06.2011","27.8957","","",""
"17.06.2011","28.1900","","",""
"18.06.2011","28.1778","","",""
"21.06.2011","28.1783","","",""
"22.06.2011","28.0118","","",""
"23.06.2011","27.8960","","",""
"24.06.2011","28.0568","","",""
"25.06.2011","28.1655","","",""
"28.06.2011","28.3478","","",""
"29.06.2011","28.2352","","",""
"30.06.2011","28.0758","","",""
"01.07.2011","27.8726","","",""
"02.07.2011","27.8536","","",""
"05.07.2011","27.8037","","",""
"06.07.2011","27.8622","","",""
"07.07.2011","27.8907","","",""
"08.07.2011","27.9853","","",""
"09.07.2011","27.8880","","",""
"12.07.2011","28.0839","","",""
"13.07.2011","28.3842","","",""
"14.07.2011","28.2557","","",""
"15.07.2011","28.0610","","",""
"16.07.2011","28.1277","","",""
"19.07.2011","28.1775","","",""
"20.07.2011","28.1505","","",""
"21.07.2011","28.0466","","",""
"22.07.2011","27.9080","","",""
"23.07.2011","27.7169","","",""
"26.07.2011","27.7413","","",""
"27.07.2011","27.5460","","",""
"28.07.2011","27.4439","","",""
"29.07.2011","27.5907","","",""
"30.07.2011","27.6796","","",""
"02.08.2011","27.5204","","",""
"03.08.2011","27.8154","","",""
"04.08.2011","27.8996","","",""
"05.08.2011","27.8432","","",""
"06.08.2011","28.3382","","",""
"09.08.2011","28.5210","","",""
"10.08.2011","29.4166","","",""
"11.08.2011","29.3065","","",""
"12.08.2011","29.4170","","",""
"13.08.2011","29.4452","","",""
"16.08.2011","28.8576","","",""
"17.08.2011","28.7032","","",""
"18.08.2011","28.7207","","",""
"19.08.2011","28.9115","","",""
"20.08.2011","29.2709","","",""
"23.08.2011","29.2555","","",""
"24.08.2011","28.9547","","",""
"25.08.2011","28.9037","","",""
"26.08.2011","28.8825","","",""
"27.08.2011","28.8717","","",""
"30.08.2011","28.7108","","",""
"31.08.2011","28.8569","","",""
"01.09.2011","28.9278","","",""
"02.09.2011","28.8911","","",""
"03.09.2011","29.0604","","",""
"06.09.2011","29.3436","","",""
"07.09.2011","29.6107","","",""
"08.09.2011","29.4905","","",""
"09.09.2011","29.5015","","",""
"10.09.2011","29.6904","","",""
"13.09.2011","30.3034","","",""
"14.09.2011","30.1872","","",""
"15.09.2011","30.3643","","",""
"16.09.2011","30.5042","","",""
"17.09.2011","30.5328","","",""
"20.09.2011","30.8680","","",""
"21.09.2011","31.4960","","",""
"22.09.2011","31.4122","","",""
"23.09.2011","31.9106","","",""
"24.09.2011","32.1083","","",""
"27.09.2011","32.4619","","",""
"28.09.2011","32.2201","","",""
"29.09.2011","31.8180","","",""
"30.09.2011","31.8751","","",""
"01.10.2011","32.1100","","",""
"04.10.2011","32.5890","","",""
"05.10.2011","32.6799","","",""
"06.10.2011","32.6374","","",""
"07.10.2011","32.5085","","",""
"08.10.2011","32.2005","","",""
"11.10.2011","32.0096","","",""
"12.10.2011","31.4270","","",""
"13.10.2011","31.4151","","",""
"14.10.2011","31.2014","","",""
"15.10.2011","30.9905","","",""
"18.10.2011","30.7370","","",""
"19.10.2011","30.9694","","",""
"20.10.2011","30.9257","","",""
"21.10.2011","31.3788","","",""
"22.10.2011","31.3361","","",""
"25.10.2011","30.8255","","",""
"26.10.2011","30.4971","","",""
"27.10.2011","30.5732","","",""
"28.10.2011","30.2421","","",""
"29.10.2011","29.8977","","",""
"01.11.2011","30.1245","","",""
"02.11.2011","30.6448","","",""
"03.11.2011","30.6830","","",""
"04.11.2011","30.8438","","",""
"08.11.2011","30.5694","","",""
"09.11.2011","30.5014","","",""
"10.11.2011","30.1033","","",""
"11.11.2011","30.8454","","",""
"12.11.2011","30.5282","","",""
"15.11.2011","30.2921","","",""
"16.11.2011","30.6600","","",""
"17.11.2011","30.8417","","",""
"18.11.2011","30.7337","","",""
"19.11.2011","30.9190","","",""
"22.11.2011","30.9693","","",""
"23.11.2011","31.0612","","",""
"24.11.2011","31.2133","","",""
"25.11.2011","31.4365","","",""
"26.11.2011","31.5788","","",""
"29.11.2011","31.4117","","",""
"30.11.2011","31.3216","","",""
"01.12.2011","31.4001","","",""
"02.12.2011","30.8486","","",""
"03.12.2011","30.8099","","",""
"06.12.2011","30.9068","","",""
"07.12.2011","31.1026","","",""
"08.12.2011","31.1527","","",""
"09.12.2011","31.2308","","",""
"10.12.2011","31.5691","","",""
"13.12.2011","31.4134","","",""
"14.12.2011","31.6704","","",""
"15.12.2011","31.7655","","",""
"16.12.2011","31.8957","","",""
"17.12.2011","31.7701","","",""
"20.12.2011","32.0323","","",""
"21.12.2011","32.0519","","",""
"22.12.2011","31.7645","","",""
"23.12.2011","31.5634","","",""
"24.12.2011","31.2575","","",""
"27.12.2011","31.2266","","",""
"28.12.2011","31.0847","","",""
"29.12.2011","31.5633","","",""
"30.12.2011","32.0197","","",""
"31.12.2011","32.1961","","",""
"11.01.2012","31.8729","","",""
"12.01.2012","31.6886","","",""
"13.01.2012","31.6807","","",""
"14.01.2012","31.5830","","",""
"17.01.2012","31.9344","","",""
"18.01.2012","31.5445","","",""
"19.01.2012","31.5428","","",""
"20.01.2012","31.4777","","",""
"21.01.2012","31.2879","","",""
"24.01.2012","31.3325","","",""
"25.01.2012","30.8752","","",""
"26.01.2012","30.6670","","",""
"27.01.2012","30.3600","","",""
"28.01.2012","30.3626","","",""
"31.01.2012","30.3647","","",""
"01.02.2012","30.3131","","",""
"02.02.2012","30.4067","","",""
"03.02.2012","30.1855","","",""
"04.02.2012","30.2385","","",""
"07.02.2012","30.2324","","",""
"08.02.2012","30.0871","","",""
"09.02.2012","29.6930","","",""
"10.02.2012","29.6795","","",""
"11.02.2012","29.8923","","",""
"14.02.2012","29.8873","","",""
"15.02.2012","30.0868","","",""
"16.02.2012","29.9440","","",""
"17.02.2012","30.2098","","",""
"18.02.2012","29.9982","","",""
"21.02.2012","29.7805","","",""
"22.02.2012","29.7796","","",""
"23.02.2012","29.7692","","",""
"25.02.2012","29.4490","","",""
"28.02.2012","29.1264","","",""
"29.02.2012","28.9503","","",""
"01.03.2012","29.0253","","",""
"02.03.2012","29.2889","","",""
"03.03.2012","29.2960","","",""
"06.03.2012","29.2892","","",""
"07.03.2012","29.4508","","",""
"08.03.2012","29.6621","","",""
"12.03.2012","29.5406","","",""
"13.03.2012","29.6666","","",""
"14.03.2012","29.5091","","",""
"15.03.2012","29.5125","","",""
"16.03.2012","29.5822","","",""
"17.03.2012","29.3578","","",""
"20.03.2012","29.2224","","",""
"21.03.2012","29.1652","","",""
"22.03.2012","29.2079","","",""
"23.03.2012","29.2447","","",""
"24.03.2012","29.4038","","",""
"27.03.2012","29.2311","","",""
"28.03.2012","28.9468","","",""
"29.03.2012","29.0845","","",""
"30.03.2012","29.2853","","",""
"31.03.2012","29.3282","","",""
"03.04.2012","29.3479","","",""
"04.04.2012","29.2944","","",""
"05.04.2012","29.4285","","",""
"06.04.2012","29.4303","","",""
"07.04.2012","29.4606","","",""
"10.04.2012","29.6358","","",""
"11.04.2012","29.6359","","",""
"12.04.2012","29.8033","","",""
"13.04.2012","29.5690","","",""
"14.04.2012","29.4711","","",""
"17.04.2012","29.7614","","",""
"18.04.2012","29.6368","","",""
"19.04.2012","29.4978","","",""
"20.04.2012","29.5122","","",""
"21.04.2012","29.5214","","",""
"24.04.2012","29.4880","","",""
"25.04.2012","29.4549","","",""
"26.04.2012","29.2962","","",""
"27.04.2012","29.2770","","",""
"28.04.2012","29.4234","","",""
"29.04.2012","29.3627","","",""
"03.05.2012","29.3708","","",""
"04.05.2012","29.4630","","",""
"05.05.2012","29.5937","","",""
"06.05.2012","29.8075","","",""
"11.05.2012","30.1891","","",""
"12.05.2012","30.2306","","",""
"13.05.2012","30.1793","","",""
"15.05.2012","30.2652","","",""
"16.05.2012","30.3299","","",""
"17.05.2012","30.9758","","",""
"18.05.2012","30.9417","","",""
"19.05.2012","31.3921","","",""
"22.05.2012","31.1582","","",""
"23.05.2012","31.0644","","",""
"24.05.2012","31.3803","","",""
"25.05.2012","31.6247","","",""
"26.05.2012","31.7572","","",""
"29.05.2012","31.8270","","",""
"30.05.2012","32.0860","","",""
"31.05.2012","32.4509","","",""
"01.06.2012","32.9173","","",""
"02.06.2012","33.7384","","",""
"05.06.2012","34.0395","","",""
"06.06.2012","33.2001","","",""
"07.06.2012","32.7889","","",""
"08.06.2012","32.1922","","",""
"09.06.2012","32.7358","","",""
"10.06.2012","32.5862","","",""
"14.06.2012","32.7331","","",""
"15.06.2012","32.5766","","",""
"16.06.2012","32.3945","","",""
"19.06.2012","32.1315","","",""
"20.06.2012","32.5315","","",""
"21.06.2012","32.5166","","",""
"22.06.2012","32.9054","","",""
"23.06.2012","33.5191","","",""
"26.06.2012","33.1693","","",""
"27.06.2012","33.1732","","",""
"28.06.2012","32.8384","","",""
"29.06.2012","32.9412","","",""
"30.06.2012","32.8169","","",""
"03.07.2012","32.5287","","",""
"04.07.2012","32.4789","","",""
"05.07.2012","32.2065","","",""
"06.07.2012","32.4727","","",""
"07.07.2012","32.6240","","",""
"10.07.2012","32.9907","","",""
"11.07.2012","32.9754","","",""
"12.07.2012","32.8282","","",""
"13.07.2012","32.7177","","",""
"14.07.2012","32.6590","","",""
"17.07.2012","32.6208","","",""
"18.07.2012","32.4955","","",""
"19.07.2012","32.4041","","",""
"20.07.2012","32.0764","","",""
"21.07.2012","31.9509","","",""
"24.07.2012","32.3760","","",""
"25.07.2012","32.6324","","",""
"26.07.2012","32.9657","","",""
"27.07.2012","32.6224","","",""
"28.07.2012","32.2131","","",""
"31.07.2012","32.1881","","",""
"01.08.2012","32.2058","","",""
"02.08.2012","32.3322","","",""
"03.08.2012","32.4563","","",""
"04.08.2012","32.5361","","",""
"07.08.2012","31.9451","","",""
"08.08.2012","31.6644","","",""
"09.08.2012","31.6907","","",""
"10.08.2012","31.4807","","",""
"11.08.2012","31.8974","","",""
"14.08.2012","31.8707","","",""
"15.08.2012","31.7739","","",""
"16.08.2012","31.8532","","",""
"17.08.2012","31.9011","","",""
"18.08.2012","31.8469","","",""
"21.08.2012","32.0165","","",""
"22.08.2012","31.9606","","",""
"23.08.2012","31.8056","","",""
"24.08.2012","31.6830","","",""
"25.08.2012","31.8099","","",""
"28.08.2012","31.8703","","",""
"29.08.2012","32.0183","","",""
"30.08.2012","32.0942","","",""
"31.08.2012","32.2934","","",""
"01.09.2012","32.5669","","",""
"04.09.2012","32.4171","","",""
"05.09.2012","32.1995","","",""
"06.09.2012","32.4608","","",""
"07.09.2012","32.1998","","",""
"08.09.2012","32.0142","","",""
"11.09.2012","31.7221","","",""
"12.09.2012","31.7768","","",""
"13.09.2012","31.4780","","",""
"14.09.2012","31.3992","","",""
"15.09.2012","30.8181","","",""
"18.09.2012","30.5867","","",""
"19.09.2012","30.8795","","",""
"20.09.2012","30.8634","","",""
"21.09.2012","31.5758","","",""
"22.09.2012","31.1667","","",""
"25.09.2012","31.2513","","",""
"26.09.2012","31.1608","","",""
"27.09.2012","31.2221","","",""
"28.09.2012","31.1951","","",""
"29.09.2012","30.9169","","",""
"02.10.2012","31.2538","","",""
"03.10.2012","31.1350","","",""
"04.10.2012","31.1944","","",""
"05.10.2012","31.1210","","",""
"06.10.2012","30.9744","","",""
"09.10.2012","31.0777","","",""
"10.10.2012","31.0994","","",""
"11.10.2012","31.2017","","",""
"12.10.2012","31.1667","","",""
"13.10.2012","30.9738","","",""
"16.10.2012","31.0791","","",""
"17.10.2012","30.9493","","",""
"18.10.2012","30.7964","","",""
"19.10.2012","30.7195","","",""
"20.10.2012","30.7823","","",""
"23.10.2012","30.9084","","",""
"24.10.2012","31.1171","","",""
"25.10.2012","31.3039","","",""
"26.10.2012","31.2499","","",""
"27.10.2012","31.4780","","",""
"30.10.2012","31.4373","","",""
"31.10.2012","31.5252","","",""
"01.11.2012","31.3743","","",""
"02.11.2012","31.3666","","",""
"03.11.2012","31.3817","","",""
"07.11.2012","31.5195","","",""
"08.11.2012","31.3033","","",""
"09.11.2012","31.5146","","",""
"10.11.2012","31.4962","","",""
"13.11.2012","31.6053","","",""
"14.11.2012","31.7164","","",""
"15.11.2012","31.7267","","",""
"16.11.2012","31.6919","","",""
"17.11.2012","31.7184","","",""
"20.11.2012","31.6677","","",""
"21.11.2012","31.4263","","",""
"22.11.2012","31.4218","","",""
"23.11.2012","31.1525","","",""
"24.11.2012","31.1325","","",""
"27.11.2012","31.0201","","",""
"28.11.2012","30.9410","","",""
"29.11.2012","31.1408","","",""
"30.11.2012","31.0565","","",""
"01.12.2012","30.8110","","",""
"04.12.2012","30.8365","","",""
"05.12.2012","30.9940","","",""
"06.12.2012","30.8235","","",""
"07.12.2012","30.9107","","",""
"08.12.2012","30.9670","","",""
"11.12.2012","30.8686","","",""
"12.12.2012","30.7506","","",""
"13.12.2012","30.7321","","",""
"14.12.2012","30.6034","","",""
"15.12.2012","30.6892","","",""
"18.12.2012","30.7696","","",""
"19.12.2012","30.9859","","",""
"20.12.2012","30.7606","","",""
"21.12.2012","30.7592","","",""
"22.12.2012","30.7194","","",""
"25.12.2012","30.8046","","",""
"26.12.2012","30.5926","","",""
"27.12.2012","30.6150","","",""
"28.12.2012","30.4808","","",""
"29.12.2012","30.3727","","",""
"30.12.2012","30.3727","","",""
"10.01.2013","30.4215","","",""
"11.01.2013","30.3650","","",""
"12.01.2013","30.2537","","",""
"15.01.2013","30.2607","","",""
"16.01.2013","30.2556","","",""
"17.01.2013","30.3399","","",""
"18.01.2013","30.3431","","",""
"19.01.2013","30.2065","","",""
"22.01.2013","30.2970","","",""
"23.01.2013","30.1950","","",""
"24.01.2013","30.2292","","",""
"25.01.2013","30.1648","","",""
"26.01.2013","30.0451","","",""
"29.01.2013","30.0782","","",""
"30.01.2013","30.1513","","",""
"31.01.2013","30.0277","","",""
"01.02.2013","30.0161","","",""
"02.02.2013","29.9966","","",""
"05.02.2013","29.9251","","",""
"06.02.2013","30.1231","","",""
"07.02.2013","29.9598","","",""
"08.02.2013","30.0496","","",""
"09.02.2013","30.1575","","",""
"12.02.2013","30.1590","","",""
"13.02.2013","30.1713","","",""
"14.02.2013","30.0692","","",""
"15.02.2013","30.0773","","",""
"16.02.2013","30.1139","","",""
"19.02.2013","30.1258","","",""
"20.02.2013","30.1277","","",""
"21.02.2013","30.0502","","",""
"22.02.2013","30.2337","","",""
"23.02.2013","30.3596","","",""
"26.02.2013","30.3368","","",""
"27.02.2013","30.5889","","",""
"28.02.2013","30.6202","","",""
"01.03.2013","30.5124","","",""
"02.03.2013","30.6381","","",""
"05.03.2013","30.7870","","",""
"06.03.2013","30.6963","","",""
"07.03.2013","30.6214","","",""
"08.03.2013","30.7628","","",""
"12.03.2013","30.7576","","",""
"13.03.2013","30.7499","","",""
"14.03.2013","30.7209","","",""
"15.03.2013","30.7769","","",""
"16.03.2013","30.7196","","",""
"19.03.2013","30.8908","","",""
"20.03.2013","30.8285","","",""
"21.03.2013","30.9446","","",""
"22.03.2013","30.8923","","",""
"23.03.2013","30.9325","","",""
"26.03.2013","30.7585","","",""
"27.03.2013","30.8734","","",""
"28.03.2013","30.8630","","",""
"29.03.2013","30.9962","","",""
"30.03.2013","31.0834","","",""
"02.04.2013","31.1093","","",""
"03.04.2013","31.1178","","",""
"04.04.2013","31.3918","","",""
"05.04.2013","31.7203","","",""
"06.04.2013","31.6207","","",""
"09.04.2013","31.6144","","",""
"10.04.2013","31.2086","","",""
"11.04.2013","31.0036","","",""
"12.04.2013","30.8814","","",""
"13.04.2013","30.9308","","",""
"16.04.2013","31.3051","","",""
"17.04.2013","31.4512","","",""
"18.04.2013","31.2320","","",""
"19.04.2013","31.7151","","",""
"20.04.2013","31.4605","","",""
"23.04.2013","31.5664","","",""
"24.04.2013","31.6414","","",""
"25.04.2013","31.5917","","",""
"26.04.2013","31.3169","","",""
"27.04.2013","31.2196","","",""
"30.04.2013","31.2559","","",""
"01.05.2013","31.0433","","",""
"07.05.2013","31.0839","","",""
"08.05.2013","31.0789","","",""
"09.05.2013","31.0829","","",""
"14.05.2013","31.3777","","",""
"15.05.2013","31.2778","","",""
"16.05.2013","31.4281","","",""
"17.05.2013","31.4166","","",""
"18.05.2013","31.3931","","",""
"21.05.2013","31.3406","","",""
"22.05.2013","31.1770","","",""
"23.05.2013","31.2280","","",""
"24.05.2013","31.4711","","",""
"25.05.2013","31.3164","","",""
"28.05.2013","31.3025","","",""
"29.05.2013","31.3784","","",""
"30.05.2013","31.5203","","",""
"31.05.2013","31.5893","","",""
"01.06.2013","31.7979","","",""
"04.06.2013","32.0487","","",""
"05.06.2013","31.8344","","",""
"06.06.2013","31.9816","","",""
"07.06.2013","32.1385","","",""
"08.06.2013","32.2397","","",""
"11.06.2013","32.3246","","",""
"12.06.2013","32.3951","","",""
"14.06.2013","32.3467","","",""
"15.06.2013","31.8029","","",""
"18.06.2013","31.6790","","",""
"19.06.2013","31.8824","","",""
"20.06.2013","32.1201","","",""
"21.06.2013","32.7041","","",""
"22.06.2013","32.7433","","",""
"25.06.2013","32.9097","","",""
"26.06.2013","32.7140","","",""
"27.06.2013","32.8876","","",""
"28.06.2013","32.8766","","",""
"29.06.2013","32.7090","","",""
"02.07.2013","32.8517","","",""
"03.07.2013","32.9475","","",""
"04.07.2013","33.2204","","",""
"05.07.2013","33.1605","","",""
"06.07.2013","33.2247","","",""
"09.07.2013","33.3210","","",""
"10.07.2013","33.0842","","",""
"11.07.2013","32.9112","","",""
"12.07.2013","32.5867","","",""
"13.07.2013","32.6429","","",""
"16.07.2013","32.6220","","",""
"17.07.2013","32.5417","","",""
"18.07.2013","32.4526","","",""
"19.07.2013","32.3998","","",""
"20.07.2013","32.4288","","",""
"23.07.2013","32.3236","","",""
"24.07.2013","32.3106","","",""
"25.07.2013","32.3462","","",""
"26.07.2013","32.5376","","",""
"27.07.2013","32.6371","","",""
"30.07.2013","32.8556","","",""
"31.07.2013","32.8901","","",""
"01.08.2013","33.0330","","",""
"02.08.2013","32.9741","","",""
"03.08.2013","33.0978","","",""
"06.08.2013","32.8811","","",""
"07.08.2013","32.9390","","",""
"08.08.2013","32.9848","","",""
"09.08.2013","32.9401","","",""
"10.08.2013","32.8606","","",""
"13.08.2013","32.8910","","",""
"14.08.2013","33.0426","","",""
"15.08.2013","33.1583","","",""
"16.08.2013","33.0004","","",""
"17.08.2013","32.9421","","",""
"20.08.2013","32.9226","","",""
"21.08.2013","33.0006","","",""
"22.08.2013","32.9737","","",""
"23.08.2013","33.1908","","",""
"24.08.2013","33.0552","","",""
"27.08.2013","32.9564","","",""
"28.08.2013","33.1224","","",""
"29.08.2013","33.1798","","",""
"30.08.2013","33.1783","","",""
"31.08.2013","33.2474","","",""
"03.09.2013","33.2522","","",""
"04.09.2013","33.3693","","",""
"05.09.2013","33.4656","","",""
"06.09.2013","33.3901","","",""
"07.09.2013","33.4338","","",""
"10.09.2013","33.3243","","",""
"11.09.2013","33.0600","","",""
"12.09.2013","32.9629","","",""
"13.09.2013","32.6731","","",""
"14.09.2013","32.7406","","",""
"17.09.2013","32.2907","","",""
"18.09.2013","32.3237","","",""
"19.09.2013","32.2450","","",""
"20.09.2013","31.5892","","",""
"21.09.2013","31.7326","","",""
"24.09.2013","31.9106","","",""
"25.09.2013","31.8167","","",""
"26.09.2013","31.9343","","",""
"27.09.2013","32.1736","","",""
"28.09.2013","32.3451","","",""
"01.10.2013","32.4839","","",""
"02.10.2013","32.2965","","",""
"03.10.2013","32.2979","","",""
"04.10.2013","32.1250","","",""
"05.10.2013","32.1005","","",""
"08.10.2013","32.2931","","",""
"09.10.2013","32.2984","","",""
"10.10.2013","32.3619","","",""
"11.10.2013","32.3564","","",""
"12.10.2013","32.2133","","",""
"15.10.2013","32.2663","","",""
"16.10.2013","32.2676","","",""
"17.10.2013","32.2561","","",""
"18.10.2013","32.0816","","",""
"19.10.2013","31.8460","","",""
"22.10.2013","31.9013","","",""
"23.10.2013","31.9346","","",""
"24.10.2013","31.7448","","",""
"25.10.2013","31.6618","","",""
"26.10.2013","31.6775","","",""
"29.10.2013","31.8119","","",""
"30.10.2013","31.9445","","",""
"31.10.2013","32.0613","","",""
"01.11.2013","32.0758","","",""
"02.11.2013","32.1808","","",""
"06.11.2013","32.3509","","",""
"07.11.2013","32.4511","","",""
"08.11.2013","32.3803","","",""
"09.11.2013","32.5479","","",""
"12.11.2013","32.6622","","",""
"13.11.2013","32.8076","","",""
"14.11.2013","32.8184","","",""
"15.11.2013","32.6874","","",""
"16.11.2013","32.6807","","",""
"19.11.2013","32.5658","","",""
"20.11.2013","32.6098","","",""
"21.11.2013","32.7417","","",""
"22.11.2013","33.0180","","",""
"23.11.2013","32.9055","","",""
"26.11.2013","32.7733","","",""
"27.11.2013","32.9879","","",""
"28.11.2013","33.0041","","",""
"29.11.2013","33.1332","","",""
"30.11.2013","33.1916","","",""
"03.12.2013","33.1482","","",""
"04.12.2013","33.2460","","",""
"05.12.2013","33.2632","","",""
"06.12.2013","33.1140","","",""
"07.12.2013","32.9514","","",""
"10.12.2013","32.7782","","",""
"11.12.2013","32.7848","","",""
"12.12.2013","32.7315","","",""
"13.12.2013","32.7518","","",""
"14.12.2013","32.8663","","",""
"17.12.2013","32.8658","","",""
"18.12.2013","32.8646","","",""
"19.12.2013","32.9404","","",""
"20.12.2013","32.9527","","",""
"21.12.2013","32.9798","","",""
"24.12.2013","32.9506","","",""
"25.12.2013","32.6284","","",""
"26.12.2013","32.6487","","",""
"27.12.2013","32.6710","","",""
"28.12.2013","32.6282","","",""
"31.12.2013","32.7292","","",""
"01.01.2014","32.6587","","",""
"10.01.2014","33.1547","","",""
"11.01.2014","33.2062","","",""
"14.01.2014","33.1204","","",""
"15.01.2014","33.2386","","",""
"16.01.2014","33.3562","","",""
"17.01.2014","33.4013","","",""
"18.01.2014","33.4343","","",""
"21.01.2014","33.6429","","",""
"22.01.2014","33.8161","","",""
"23.01.2014","33.8688","","",""
"24.01.2014","34.0334","","",""
"25.01.2014","34.2600","","",""
"28.01.2014","34.7093","","",""
"29.01.2014","34.6250","","",""
"30.01.2014","34.5633","","",""
"31.01.2014","35.2448","","",""
"01.02.2014","35.1800","","",""
"04.02.2014","35.2347","","",""
"05.02.2014","35.4502","","",""
"06.02.2014","34.9592","","",""
"07.02.2014","34.7287","","",""
"08.02.2014","34.6044","","",""
"11.02.2014","34.7636","","",""
"12.02.2014","34.7964","","",""
"13.02.2014","34.7595","","",""
"14.02.2014","34.8611","","",""
"15.02.2014","35.2559","","",""
"18.02.2014","35.0976","","",""
"19.02.2014","35.2386","","",""
"20.02.2014","35.5857","","",""
"21.02.2014","35.7670","","",""
"22.02.2014","35.6828","","",""
"25.02.2014","35.5112","","",""
"26.02.2014","35.5669","","",""
"27.02.2014","35.7872","","",""
"28.02.2014","36.0501","","",""
"01.03.2014","36.1847","","",""
"04.03.2014","36.3784","","",""
"05.03.2014","36.3208","","",""
"06.03.2014","36.0849","","",""
"07.03.2014","36.1251","","",""
"08.03.2014","36.2618","","",""
"12.03.2014","36.4015","","",""
"13.03.2014","36.4865","","",""
"14.03.2014","36.4566","","",""
"15.03.2014","36.6391","","",""
"18.03.2014","36.6505","","",""
"19.03.2014","36.4487","","",""
"20.03.2014","36.2070","","",""
"21.03.2014","36.1081","","",""
"22.03.2014","36.4022","","",""
"25.03.2014","36.1663","","",""
"26.03.2014","35.9316","","",""
"27.03.2014","35.4494","","",""
"28.03.2014","35.5810","","",""
"29.03.2014","35.6871","","",""
"01.04.2014","35.6053","","",""
"02.04.2014","35.0240","","",""
"03.04.2014","35.2517","","",""
"04.04.2014","35.5154","","",""
"05.04.2014","35.5010","","",""
"08.04.2014","35.4679","","",""
"09.04.2014","35.5475","","",""
"10.04.2014","35.7493","","",""
"11.04.2014","35.5581","","",""
"12.04.2014","35.6239","","",""
"15.04.2014","35.9890","","",""
"16.04.2014","35.9635","","",""
"17.04.2014","36.0813","","",""
"18.04.2014","35.9287","","",""
"19.04.2014","35.5389","","",""
"22.04.2014","35.6688","","",""
"23.04.2014","35.6785","","",""
"24.04.2014","35.6625","","",""
"25.04.2014","35.6830","","",""
"26.04.2014","35.9289","","",""
"29.04.2014","36.0245","","",""
"30.04.2014","35.6983","","",""
"01.05.2014","35.7227","","",""
"06.05.2014","35.8381","","",""
"07.05.2014","35.6550","","",""
"08.05.2014","35.4971","","",""
"09.05.2014","35.0343","","",""
"13.05.2014","35.2091","","",""
"14.05.2014","34.8789","","",""
"15.05.2014","34.7090","","",""
"16.05.2014","34.7005","","",""
"17.05.2014","34.7794","","",""
"20.05.2014","34.7394","","",""
"21.05.2014","34.6007","","",""
"22.05.2014","34.5078","","",""
"23.05.2014","34.2802","","",""
"24.05.2014","34.3139","","",""
"27.05.2014","34.0771","","",""
"28.05.2014","34.2571","","",""
"29.05.2014","34.4895","","",""
"30.05.2014","34.6481","","",""
"31.05.2014","34.7352","","",""
"03.06.2014","34.8887","","",""
"04.06.2014","35.0115","","",""
"05.06.2014","35.1398","","",""
"06.06.2014","34.9043","","",""
"07.06.2014","34.6573","","",""
"10.06.2014","34.3303","","",""
"11.06.2014","34.3681","","",""
"12.06.2014","34.3227","","",""
"17.06.2014","34.5654","","",""
"18.06.2014","34.8095","","",""
"19.06.2014","34.8232","","",""
"20.06.2014","34.3025","","",""
"21.06.2014","34.4190","","",""
"24.06.2014","34.2797","","",""
"25.06.2014","33.9812","","",""
"26.06.2014","33.9070","","",""
"27.06.2014","33.7508","","",""
"28.06.2014","33.6306","","",""
"01.07.2014","33.8434","","",""
"02.07.2014","34.2275","","",""
"03.07.2014","34.2496","","",""
"04.07.2014","34.1949","","",""
"05.07.2014","34.3236","","",""
"08.07.2014","34.5691","","",""
"09.07.2014","34.4258","","",""
"10.07.2014","34.0758","","",""
"11.07.2014","33.8353","","",""
"12.07.2014","34.0582","","",""
"15.07.2014","34.3135","","",""
"16.07.2014","34.3723","","",""
"17.07.2014","34.3853","","",""
"18.07.2014","34.7998","","",""
"19.07.2014","35.1627","","",""
"22.07.2014","35.0900","","",""
"23.07.2014","35.0387","","",""
"24.07.2014","34.8101","","",""
"25.07.2014","35.0786","","",""
"26.07.2014","35.0535","","",""
"29.07.2014","35.3457","","",""
"30.07.2014","35.6339","","",""
"31.07.2014","35.7271","","",""
"01.08.2014","35.4438","","",""
"02.08.2014","35.7272","","",""
"05.08.2014","35.6605","","",""
"06.08.2014","35.7987","","",""
"07.08.2014","36.1102","","",""
"08.08.2014","36.2496","","",""
"09.08.2014","36.4461","","",""
"12.08.2014","36.0475","","",""
"13.08.2014","36.0890","","",""
"14.08.2014","36.2222","","",""
"15.08.2014","36.0395","","",""
"16.08.2014","36.0014","","",""
"19.08.2014","36.0294","","",""
"20.08.2014","36.1094","","",""
"21.08.2014","36.2240","","",""
"22.08.2014","36.3317","","",""
"23.08.2014","36.0027","","",""
"26.08.2014","36.1201","","",""
"27.08.2014","36.1358","","",""
"28.08.2014","36.1397","","",""
"29.08.2014","36.3053","","",""
"30.08.2014","36.9316","","",""
"02.09.2014","37.2945","","",""
"03.09.2014","37.3480","","",""
"04.09.2014","37.3183","","",""
"05.09.2014","36.8038","","",""
"06.09.2014","36.9219","","",""
"09.09.2014","37.0866","","",""
"10.09.2014","37.0261","","",""
"11.09.2014","37.1693","","",""
"12.09.2014","37.3758","","",""
"13.09.2014","37.6545","","",""
"16.09.2014","37.9861","","",""
"17.09.2014","38.7058","","",""
"18.09.2014","38.3724","","",""
"19.09.2014","38.4209","","",""
"20.09.2014","38.4134","","",""
"23.09.2014","38.5782","","",""
"24.09.2014","38.6672","","",""
"25.09.2014","38.3830","","",""
"26.09.2014","38.3007","","",""
"27.09.2014","38.7243","","",""
"30.09.2014","39.3866","","",""
"01.10.2014","39.3836","","",""
"02.10.2014","39.6604","","",""
"03.10.2014","39.5474","","",""
"04.10.2014","39.6980","","",""
"07.10.2014","39.9820","","",""
"08.10.2014","39.7417","","",""
"09.10.2014","39.9819","","",""
"10.10.2014","39.9800","","",""
"11.10.2014","40.2125","","",""
"14.10.2014","40.3251","","",""
"15.10.2014","40.5304","","",""
"16.10.2014","40.9416","","",""
"17.10.2014","40.7457","","",""
"18.10.2014","41.0450","","",""
"21.10.2014","40.8815","","",""
"22.10.2014","41.0501","","",""
"23.10.2014","40.9671","","",""
"24.10.2014","41.4958","","",""
"25.10.2014","41.8101","","",""
"28.10.2014","41.9497","","",""
"29.10.2014","42.3934","","",""
"30.10.2014","42.6525","","",""
"31.10.2014","43.3943","","",""
"01.11.2014","41.9627","","",""
"06.11.2014","44.3993","","",""
"07.11.2014","45.1854","","",""
"08.11.2014","47.8774","","",""
"11.11.2014","45.8926","","",""
"12.11.2014","45.9520","","",""
"13.11.2014","46.3379","","",""
"14.11.2014","46.1233","","",""
"15.11.2014","47.3920","","",""
"18.11.2014","47.3329","","",""
"19.11.2014","46.9797","","",""
"20.11.2014","47.0294","","",""
"21.11.2014","46.7047","","",""
"22.11.2014","45.7926","","",""
"25.11.2014","44.7852","","",""
"26.11.2014","44.9758","","",""
"27.11.2014","46.4244","","",""
"28.11.2014","47.6629","","",""
"29.11.2014","49.3220","","",""
"02.12.2014","51.8068","","",""
"03.12.2014","50.7678","","",""
"04.12.2014","54.3821","","",""
"05.12.2014","52.6932","","",""
"06.12.2014","53.1088","","",""
"09.12.2014","53.3079","","",""
"10.12.2014","54.2116","","",""
"11.12.2014","54.2758","","",""
"12.12.2014","54.7932","","",""
"13.12.2014","56.8919","","",""
"16.12.2014","58.3461","","",""
"17.12.2014","61.1512","","",""
"18.12.2014","67.7851","","",""
"19.12.2014","59.6029","","",""
"20.12.2014","60.6825","","",""
"23.12.2014","56.4940","","",""
"24.12.2014","54.5687","","",""
"25.12.2014","54.4913","","",""
"26.12.2014","52.6159","","",""
"27.12.2014","52.0343","","",""
"30.12.2014","56.6801","","",""
"31.12.2014","56.2584","","",""
"01.01.2015","56.2376","","",""
"13.01.2015","62.7363","","",""
"14.01.2015","64.8425","","",""
"15.01.2015","66.0983","","",""
"16.01.2015","64.8337","","",""
"17.01.2015","65.1738","","",""
"20.01.2015","64.9732","","",""
"21.01.2015","64.9862","","",""
"22.01.2015","65.5558","","",""
"23.01.2015","65.4000","","",""
"24.01.2015","63.3930","","",""
"27.01.2015","65.5937","","",""
"28.01.2015","67.8153","","",""
"29.01.2015","67.1506","","",""
"30.01.2015","68.7303","","",""
"31.01.2015","68.9291","","",""
"03.02.2015","69.6640","","",""
"04.02.2015","67.7727","","",""
"05.02.2015","65.4470","","",""
"06.02.2015","68.6113","","",""
"07.02.2015","66.0432","","",""
"10.02.2015","65.7817","","",""
"11.02.2015","65.4469","","",""
"12.02.2015","66.0585","","",""
"13.02.2015","66.0994","","",""
"14.02.2015","65.0862","","",""
"17.02.2015","62.6632","","",""
"18.02.2015","62.8353","","",""
"19.02.2015","62.4001","","",""
"20.02.2015","62.1307","","",""
"21.02.2015","61.7235","","",""
"25.02.2015","63.5083","","",""
"26.02.2015","62.5906","","",""
"27.02.2015","60.7109","","",""
"28.02.2015","61.2718","","",""
"03.03.2015","62.2248","","",""
"04.03.2015","62.3649","","",""
"05.03.2015","61.8745","","",""
"06.03.2015","61.8457","","",""
"07.03.2015","59.9938","","",""
"11.03.2015","60.6649","","",""
"12.03.2015","62.6797","","",""
"13.03.2015","60.9595","","",""
"14.03.2015","61.3167","","",""
"17.03.2015","62.1497","","",""
"18.03.2015","61.7510","","",""
"19.03.2015","61.3483","","",""
"20.03.2015","59.8308","","",""
"21.03.2015","60.0341","","",""
"24.03.2015","59.4452","","",""
"25.03.2015","58.7710","","",""
"26.03.2015","57.3879","","",""
"27.03.2015","56.4271","","",""
"28.03.2015","57.7279","","",""
"31.03.2015","58.4643","","",""
"01.04.2015","57.6500","","",""
"02.04.2015","58.3536","","",""
"03.04.2015","56.9902","","",""
"04.04.2015","56.7534","","",""
"07.04.2015","56.5161","","",""
"08.04.2015","55.3328","","",""
"09.04.2015","54.0270","","",""
"10.04.2015","52.5424","","",""
"11.04.2015","51.0678","","",""
"14.04.2015","52.4220","","",""
"15.04.2015","51.9749","","",""
"16.04.2015","50.5033","","",""
"17.04.2015","49.6749","","",""
"18.04.2015","50.5295","","",""
"21.04.2015","51.5207","","",""
"22.04.2015","53.9728","","",""
"23.04.2015","53.6555","","",""
"24.04.2015","51.6011","","",""
"25.04.2015","50.2473","","",""
"28.04.2015","51.4690","","",""
"29.04.2015","52.3041","","",""
"30.04.2015","51.7029","","",""
"01.05.2015","51.1388","","",""
"06.05.2015","51.7574","","",""
"07.05.2015","49.9816","","",""
"08.05.2015","50.3615","","",""
"09.05.2015","50.7511","","",""
"13.05.2015","50.9140","","",""
"14.05.2015","49.5366","","",""
"15.05.2015","50.0774","","",""
"16.05.2015","50.0115","","",""
"19.05.2015","49.2175","","",""
"20.05.2015","49.1777","","",""
"21.05.2015","49.7919","","",""
"22.05.2015","49.9204","","",""
"23.05.2015","49.7901","","",""
"26.05.2015","49.8613","","",""
"27.05.2015","50.3223","","",""
"28.05.2015","51.0178","","",""
"29.05.2015","52.2907","","",""
"30.05.2015","52.9716","","",""
"02.06.2015","52.8213","","",""
"03.06.2015","53.4413","","",""
"04.06.2015","53.0590","","",""
"05.06.2015","54.9908","","",""
"06.06.2015","56.2463","","",""
"09.06.2015","56.0435","","",""
"10.06.2015","55.9100","","",""
"11.06.2015","54.8219","","",""
"12.06.2015","54.5285","","",""
"16.06.2015","55.2679","","",""
"17.06.2015","54.0409","","",""
"18.06.2015","53.8999","","",""
"19.06.2015","53.3301","","",""
"20.06.2015","53.8006","","",""
"23.06.2015","53.5569","","",""
"24.06.2015","54.2081","","",""
"25.06.2015","54.0746","","",""
"26.06.2015","54.6026","","",""
"27.06.2015","54.8126","","",""
"30.06.2015","55.5240","","",""
"01.07.2015","55.8413","","",""
"02.07.2015","55.4756","","",""
"03.07.2015","55.6555","","",""
"04.07.2015","55.6049","","",""
"07.07.2015","56.4112","","",""
"08.07.2015","57.2192","","",""
"09.07.2015","57.2174","","",""
"10.07.2015","56.9803","","",""
"11.07.2015","56.6685","","",""
"14.07.2015","56.6079","","",""
"15.07.2015","56.9774","","",""
"16.07.2015","56.6642","","",""
"17.07.2015","56.9504","","",""
"18.07.2015","56.8423","","",""
"21.07.2015","56.8336","","",""
"22.07.2015","57.0025","","",""
"23.07.2015","57.0232","","",""
"24.07.2015","57.3578","","",""
"25.07.2015","58.0374","","",""
"28.07.2015","58.7816","","",""
"29.07.2015","60.2231","","",""
"30.07.2015","59.7665","","",""
"31.07.2015","58.9906","","",""
"01.08.2015","60.3458","","",""
"04.08.2015","62.4677","","",""
"05.08.2015","62.9182","","",""
"06.08.2015","62.7184","","",""
"07.08.2015","63.8644","","",""
"08.08.2015","63.8399","","",""
"11.08.2015","64.4977","","",""
"12.08.2015","63.2098","","",""
"13.08.2015","65.0169","","",""
"14.08.2015","63.9988","","",""
"15.08.2015","64.9363","","",""
"18.08.2015","65.5034","","",""
"19.08.2015","65.8289","","",""
"20.08.2015","65.7222","","",""
"21.08.2015","66.9608","","",""
"22.08.2015","68.1216","","",""
"25.08.2015","70.7465","","",""
"26.08.2015","69.9461","","",""
"27.08.2015","69.3142","","",""
"28.08.2015","67.4473","","",""
"29.08.2015","66.4779","","",""
"01.09.2015","66.7152","","",""
"02.09.2015","65.3495","","",""
"03.09.2015","66.6756","","",""
"04.09.2015","67.0102","","",""
"05.09.2015","67.6850","","",""
"08.09.2015","68.4864","","",""
"09.09.2015","68.7932","","",""
"10.09.2015","67.6219","","",""
"11.09.2015","68.4961","","",""
"12.09.2015","68.0093","","",""
"15.09.2015","67.9571","","",""
"16.09.2015","67.1574","","",""
"17.09.2015","65.9273","","",""
"18.09.2015","65.3623","","",""
"19.09.2015","65.6445","","",""
"22.09.2015","66.1455","","",""
"23.09.2015","66.1747","","",""
"24.09.2015","66.0410","","",""
"25.09.2015","66.5151","","",""
"26.09.2015","65.6727","","",""
"29.09.2015","65.5470","","",""
"30.09.2015","66.2367","","",""
"01.10.2015","65.7364","","",""
"02.10.2015","65.0336","","",""
"03.10.2015","65.9414","","",""
"06.10.2015","65.6248","","",""
"07.10.2015","65.0962","","",""
"08.10.2015","62.7061","","",""
"09.10.2015","62.2942","","",""
"10.10.2015","61.2967","","",""
"13.10.2015","61.1535","","",""
"14.10.2015","62.2237","","",""
"15.10.2015","63.1248","","",""
"16.10.2015","62.2433","","",""
"17.10.2015","61.3587","","",""
"20.10.2015","61.4419","","",""
"21.10.2015","62.1620","","",""
"22.10.2015","62.6309","","",""
"23.10.2015","62.7888","","",""
"24.10.2015","61.9286","","",""
"27.10.2015","62.5038","","",""
"28.10.2015","63.5004","","",""
"29.10.2015","65.3159","","",""
"30.10.2015","64.1686","","",""
"31.10.2015","64.3742","","",""
"03.11.2015","63.7993","","",""
"04.11.2015","63.8525","","",""
"06.11.2015","63.3991","","",""
"07.11.2015","63.6832","","",""
"10.11.2015","64.6606","","",""
"11.11.2015","64.3908","","",""
"12.11.2015","64.5693","","",""
"13.11.2015","65.4541","","",""
"14.11.2015","66.6343","","",""
"17.11.2015","66.4607","","",""
"18.11.2015","65.4799","","",""
"19.11.2015","64.7785","","",""
"20.11.2015","64.9120","","",""
"21.11.2015","64.8673","","",""
"24.11.2015","65.5973","","",""
"25.11.2015","65.6210","","",""
"26.11.2015","65.4789","","",""
"27.11.2015","65.6836","","",""
"28.11.2015","66.2393","","",""
"01.12.2015","66.7370","","",""
"02.12.2015","66.2584","","",""
"03.12.2015","66.7402","","",""
"04.12.2015","67.7691","","",""
"05.12.2015","67.6698","","",""
"08.12.2015","68.5156","","",""
"09.12.2015","69.3026","","",""
"10.12.2015","69.2000","","",""
"11.12.2015","69.2151","","",""
"12.12.2015","69.1755","","",""
"15.12.2015","70.2244","","",""
"16.12.2015","70.8295","","",""
"17.12.2015","70.4012","","",""
"18.12.2015","70.5806","","",""
"19.12.2015","71.3215","","",""
"22.12.2015","71.2553","","",""
"23.12.2015","71.1211","","",""
"24.12.2015","70.9333","","",""
"25.12.2015","69.5165","","",""
"26.12.2015","70.2690","","",""
"29.12.2015","70.7865","","",""
"30.12.2015","72.5066","","",""
"31.12.2015","72.8827","","",""
"01.01.2016","72.9299","","",""
"12.01.2016","75.9507","","",""
"13.01.2016","76.6041","","",""
"14.01.2016","76.4275","","",""
"15.01.2016","76.5230","","",""
"16.01.2016","76.5650","","",""
"19.01.2016","78.6678","","",""
"20.01.2016","78.4862","","",""
"21.01.2016","79.4614","","",""
"22.01.2016","83.5913","round","max-pulsating-bullet","макс"
"23.01.2016","80.5714","","",""
"26.01.2016","77.7965","","",""
"27.01.2016","81.8394","","",""
"28.01.2016","78.9969","","",""
"29.01.2016","77.3674","","",""
"30.01.2016","75.1723","","",""
"02.02.2016","76.3264","","",""
"03.02.2016","77.9273","","",""
"04.02.2016","79.2593","","",""
"05.02.2016","76.4609","","",""
"06.02.2016","77.3409","","",""
"09.02.2016","76.8614","","",""
"10.02.2016","78.6805","","",""
"11.02.2016","79.0689","","",""
"12.02.2016","79.1144","","",""
"13.02.2016","79.4951","","",""
"16.02.2016","77.7792","","",""
"17.02.2016","76.2450","","",""
"18.02.2016","77.8503","","",""
"19.02.2016","75.4575","","",""
"20.02.2016","76.3657","","",""
"21.02.2016","77.1326","","",""
"25.02.2016","76.3928","","",""
"26.02.2016","76.3929","","",""
"27.02.2016","75.0903","","",""
"01.03.2016","75.8994","","",""
"02.03.2016","74.0536","","",""
"03.03.2016","73.6256","","",""
"04.03.2016","73.8242","","",""
"05.03.2016","73.1854","","",""
"10.03.2016","72.3775","","",""
"11.03.2016","71.0928","","",""
"12.03.2016","70.3067","","",""
"15.03.2016","70.1542","","",""
"16.03.2016","70.5408","","",""
"17.03.2016","71.0256","","",""
"18.03.2016","68.5598","","",""
"19.03.2016","68.4026","","",""
"22.03.2016","68.8086","","",""
"23.03.2016","67.7764","","",""
"24.03.2016","67.6409","","",""
"25.03.2016","68.9328","","",""
"26.03.2016","68.4346","","",""
"29.03.2016","67.7807","","",""
"30.03.2016","68.7549","","",""
"31.03.2016","67.6076","","",""
"01.04.2016","67.8552","","",""
"02.04.2016","67.1410","","",""
"05.04.2016","68.6753","","",""
"06.04.2016","68.8901","","",""
"07.04.2016","68.5215","","",""
"08.04.2016","67.7960","","",""
"09.04.2016","67.4662","","",""
"12.04.2016","67.1250","","",""
"13.04.2016","66.3456","","",""
"14.04.2016","65.7662","","",""
"15.04.2016","66.4954","","",""
"16.04.2016","66.0452","","",""
"19.04.2016","68.2724","","",""
"20.04.2016","65.6474","","",""
"21.04.2016","66.0364","","",""
"22.04.2016","65.0254","","",""
"23.04.2016","66.2198","","",""
"26.04.2016","66.6295","","",""
"27.04.2016","66.4559","","",""
"28.04.2016","65.1618","","",""
"29.04.2016","65.1133","","",""
"30.04.2016","64.3334","","",""
"05.05.2016","66.1718","","",""
"06.05.2016","65.8918","","",""
"07.05.2016","66.1928","","",""
"11.05.2016","66.3277","","",""
"12.05.2016","66.2428","","",""
"13.05.2016","64.9607","","",""
"14.05.2016","64.9306","","",""
"17.05.2016","64.8895","","",""
"18.05.2016","64.5138","","",""
"19.05.2016","65.0641","","",""
"20.05.2016","66.2110","","",""
"21.05.2016","66.3775","","",""
"24.05.2016","67.0475","","",""
"25.05.2016","67.0493","","",""
"26.05.2016","65.8949","","",""
"27.05.2016","65.2062","","",""
"28.05.2016","66.0413","","",""
"31.05.2016","66.0825","","",""
"01.06.2016","65.9962","","",""
"02.06.2016","66.6156","","",""
"03.06.2016","66.7491","","",""
"04.06.2016","66.8529","","",""
"07.06.2016","65.7894","","",""
"08.06.2016","65.2089","","",""
"09.06.2016","64.6797","","",""
"10.06.2016","63.7402","","",""
"11.06.2016","64.7077","","",""
"15.06.2016","66.0306","","",""
"16.06.2016","65.9156","","",""
"17.06.2016","65.8618","","",""
"18.06.2016","65.4398","","",""
"21.06.2016","64.1509","","",""
"22.06.2016","64.1743","","",""
"23.06.2016","63.7162","","",""
"24.06.2016","64.3212","","",""
"25.06.2016","65.5287","","",""
"28.06.2016","65.0588","","",""
"29.06.2016","64.8095","","",""
"30.06.2016","64.2575","","",""
"01.07.2016","64.1755","","",""
"02.07.2016","64.0165","","",""
"05.07.2016","63.6844","","",""
"06.07.2016","64.2676","","",""
"07.07.2016","64.6304","","",""
"08.07.2016","64.0500","","",""
"09.07.2016","64.2488","","",""
"12.07.2016","64.2024","","",""
"13.07.2016","63.9029","","",""
"14.07.2016","63.8531","","",""
"15.07.2016","63.5773","","",""
"16.07.2016","63.1697","","",""
"19.07.2016","63.1154","","",""
"20.07.2016","62.9891","","",""
"21.07.2016","63.4183","","",""
"22.07.2016","63.7373","","",""
"23.07.2016","64.6270","","",""
"26.07.2016","64.9184","","",""
"27.07.2016","65.7408","","",""
"28.07.2016","65.9467","","",""
"29.07.2016","66.1125","","",""
"30.07.2016","67.0512","","",""
"02.08.2016","65.9553","","",""
"03.08.2016","66.8816","","",""
"04.08.2016","66.7420","","",""
"05.08.2016","66.3941","","",""
"06.08.2016","65.5627","","",""
"09.08.2016","65.0799","","",""
"10.08.2016","64.7848","","",""
"11.08.2016","64.8137","","",""
"12.08.2016","64.9497","","",""
"13.08.2016","64.3364","","",""
"16.08.2016","64.2076","","",""
"17.08.2016","63.9514","","",""
"18.08.2016","63.9943","","",""
"19.08.2016","63.5487","","",""
"20.08.2016","63.9391","","",""
"23.08.2016","64.2078","","",""
"24.08.2016","64.7684","","",""
"25.08.2016","64.8140","","",""
"26.08.2016","64.9459","","",""
"27.08.2016","64.7380","","",""
"30.08.2016","65.0810","","",""
"31.08.2016","64.9072","","",""
"01.09.2016","65.2535","","",""
"02.09.2016","65.2566","","",""
"03.09.2016","65.8684","","",""
"06.09.2016","64.7644","","",""
"07.09.2016","64.8306","","",""
"08.09.2016","64.3804","","",""
"09.09.2016","63.9730","","",""
"10.09.2016","64.1617","","",""
"13.09.2016","65.0539","","",""
"14.09.2016","64.8102","","",""
"15.09.2016","64.9737","","",""
"16.09.2016","65.2170","","",""
"17.09.2016","64.9940","","",""
"20.09.2016","64.9173","","",""
"21.09.2016","64.7513","","",""
"22.09.2016","64.4424","","",""
"23.09.2016","63.7942","","",""
"24.09.2016","63.8642","","",""
"27.09.2016","64.1506","","",""
"28.09.2016","63.6921","","",""
"29.09.2016","63.9509","","",""
"30.09.2016","63.1581","","",""
"01.10.2016","63.3960","","",""
"04.10.2016","62.5477","","",""
"05.10.2016","62.4323","","",""
"06.10.2016","62.4583","","",""
"07.10.2016","62.3900","","",""
"08.10.2016","62.3031","","",""
"11.10.2016","62.3884","","",""
"12.10.2016","62.1946","","",""
"13.10.2016","62.5892","","",""
"14.10.2016","63.3465","","",""
"15.10.2016","62.9934","","",""
"18.10.2016","63.1510","","",""
"19.10.2016","62.8900","","",""
"20.10.2016","62.5841","","",""
"21.10.2016","62.4194","","",""
"22.10.2016","62.4499","","",""
"25.10.2016","62.2349","","",""
"26.10.2016","62.0480","","",""
"27.10.2016","62.2597","","",""
"28.10.2016","63.0399","","",""
"29.10.2016","62.9037","","",""
"01.11.2016","63.2174","","",""
"02.11.2016","63.2025","","",""
"03.11.2016","63.4166","","",""
"04.11.2016","63.5043","","",""
"08.11.2016","63.9074","","",""
"09.11.2016","63.7364","","",""
"10.11.2016","63.8928","","",""
"11.11.2016","63.4161","","",""
"12.11.2016","65.2167","","",""
"15.11.2016","65.8591","","",""
"16.11.2016","65.5548","","",""
"17.11.2016","64.5463","","",""
"18.11.2016","64.9154","","",""
"19.11.2016","65.1023","","",""
"22.11.2016","64.3580","","",""
"23.11.2016","63.6282","","",""
"24.11.2016","64.0087","","",""
"25.11.2016","64.6279","","",""
"26.11.2016","64.6174","","",""
"29.11.2016","64.9153","","",""
"30.11.2016","64.9449","","",""
"01.12.2016","65.2382","","",""
"02.12.2016","63.6807","","",""
"03.12.2016","64.1528","","",""
"06.12.2016","63.9242","","",""
"07.12.2016","63.8741","","",""
"08.12.2016","63.9114","","",""
"09.12.2016","63.3901","","",""
"10.12.2016","63.3028","","",""
"13.12.2016","61.5804","","",""
"14.12.2016","61.0690","","",""
"15.12.2016","60.8079","","",""
"16.12.2016","61.6368","","",""
"17.12.2016","61.7515","","",""
"20.12.2016","61.7931","","",""
"21.12.2016","61.7967","","",""
"22.12.2016","61.1092","","",""
"23.12.2016","60.8641","","",""
"24.12.2016","60.8528","","",""
"27.12.2016","60.9084","","",""
"28.12.2016","60.8587","","",""
"29.12.2016","60.6669","","",""
"30.12.2016","60.2730","","",""
"31.12.2016","60.6569","","",""
"10.01.2017","59.8961","","",""
"11.01.2017","59.9533","","",""
"12.01.2017","60.1614","","",""
"13.01.2017","59.4978","","",""
"14.01.2017","59.3700","","",""
"17.01.2017","59.6067","","",""
"18.01.2017","59.4015","","",""
"19.01.2017","59.1830","","",""
"20.01.2017","59.3521","","",""
"21.01.2017","59.6697","","",""
"24.01.2017","59.5034","","",""
"25.01.2017","59.2168","","",""
"26.01.2017","59.1489","","",""
"27.01.2017","59.6356","","",""
"28.01.2017","60.3196","","",""
"31.01.2017","60.1618","","",""
"01.02.2017","60.0851","","",""
"02.02.2017","60.3099","","",""
"03.02.2017","59.9858","","",""
"04.02.2017","59.3137","","",""
"07.02.2017","58.7121","","",""
"08.02.2017","59.1933","","",""
"09.02.2017","59.5129","","",""
"10.02.2017","59.0235","","",""
"11.02.2017","58.8457","","",""
"14.02.2017","58.0619","","",""
"15.02.2017","57.7388","","",""
"16.02.2017","56.7719","","",""
"17.02.2017","57.1507","","",""
"18.02.2017","57.6342","","",""
"21.02.2017","58.0967","","",""
"22.02.2017","57.8590","","",""
"23.02.2017","57.4762","","",""
"28.02.2017","57.9371","","",""
"01.03.2017","57.9627","","",""
"02.03.2017","58.3776","","",""
"03.03.2017","58.4067","","",""
"04.03.2017","58.9099","","",""
"07.03.2017","58.3370","","",""
"08.03.2017","58.2630","","",""
"10.03.2017","58.8318","","",""
"11.03.2017","59.2174","","",""
"14.03.2017","59.1327","","",""
"15.03.2017","58.9540","","",""
"16.03.2017","59.1128","","",""
"17.03.2017","58.2437","","",""
"18.03.2017","57.9344","","",""
"21.03.2017","57.2847","","",""
"22.03.2017","57.2323","","",""
"23.03.2017","57.6360","","",""
"24.03.2017","57.5228","","",""
"25.03.2017","57.4247","","",""
"28.03.2017","57.0233","","",""
"29.03.2017","56.9364","","",""
"30.03.2017","57.0241","","",""
"31.03.2017","56.3779","","",""
"01.04.2017","55.9606","","",""
"04.04.2017","56.1396","","",""
"05.04.2017","56.5553","","",""
"06.04.2017","55.8940","","",""
"07.04.2017","56.4369","","",""
"08.04.2017","56.9201","","",""
"11.04.2017","57.3896","","",""
"12.04.2017","56.9552","","",""
"13.04.2017","56.7556","","",""
"14.04.2017","56.6019","","",""
"15.04.2017","56.2945","","",""
"18.04.2017","56.2505","","",""
"19.04.2017","55.9793","","",""
"20.04.2017","56.1753","","",""
"21.04.2017","56.4165","","",""
"22.04.2017","56.2307","","",""
"25.04.2017","56.0794","","",""
"26.04.2017","55.8453","","",""
"27.04.2017","56.3131","","",""
"28.04.2017","56.9707","","",""
"29.04.2017","56.9838","","",""
"03.05.2017","56.9518","","",""
"04.05.2017","57.0927","","",""
"05.05.2017","57.5714","","",""
"06.05.2017","58.5382","","",""
"11.05.2017","58.0824","","",""
"12.05.2017","57.1161","","",""
"13.05.2017","57.1640","","",""
"16.05.2017","56.5258","","",""
"17.05.2017","56.2603","","",""
"18.05.2017","56.7383","","",""
"19.05.2017","57.4683","","",""
"20.05.2017","57.1602","","",""
"23.05.2017","56.4988","","",""
"24.05.2017","56.5552","","",""
"25.05.2017","56.2743","","",""
"26.05.2017","56.0701","","",""
"27.05.2017","56.7560","","",""
"30.05.2017","56.7106","","",""
"31.05.2017","56.5168","","",""
"01.06.2017","56.6876","","",""
"02.06.2017","56.5373","","",""
"03.06.2017","56.6876","","",""
"06.06.2017","56.6152","","",""
"07.06.2017","56.6747","","",""
"08.06.2017","56.5878","","",""
"09.06.2017","56.9857","","",""
"10.06.2017","57.0020","","",""
"14.06.2017","56.9096","","",""
"15.06.2017","57.0303","","",""
"16.06.2017","57.4437","","",""
"17.06.2017","57.7408","","",""
"20.06.2017","57.9585","","",""
"21.06.2017","58.5786","","",""
"22.06.2017","60.0000","","",""
"23.06.2017","60.1482","","",""
"24.06.2017","59.6564","","",""
"27.06.2017","59.0014","","",""
"28.06.2017","58.8843","","",""
"29.06.2017","59.5415","","",""
"30.06.2017","59.0855","","",""
"01.07.2017","59.3862","","",""
"04.07.2017","58.9695","","",""
"05.07.2017","59.2295","","",""
"06.07.2017","59.5787","","",""
"07.07.2017","60.2426","","",""
"08.07.2017","60.3792","","",""
"11.07.2017","60.3014","","",""
"12.07.2017","60.7397","","",""
"13.07.2017","60.6227","","",""
"14.07.2017","60.1836","","",""
"15.07.2017","59.8806","","",""
"18.07.2017","59.0657","","",""
"19.07.2017","59.3705","","",""
"20.07.2017","59.2418","","",""
"21.07.2017","59.0823","","",""
"22.07.2017","58.9325","","",""
"25.07.2017","59.6572","","",""
"26.07.2017","59.8185","","",""
"27.07.2017","59.9102","","",""
"28.07.2017","59.4102","","",""
"29.07.2017","59.5436","","",""
"01.08.2017","60.0633","","",""
"02.08.2017","59.8454","","",""
"03.08.2017","60.5819","","",""
"04.08.2017","60.7503","","",""
"05.08.2017","60.3281","","",""
"08.08.2017","60.0605","","",""
"09.08.2017","59.9886","","",""
"10.08.2017","59.9611","","",""
"11.08.2017","59.9298","","",""
"12.08.2017","60.1873","","",""
"15.08.2017","59.7990","","",""
"16.08.2017","59.9266","","",""
"17.08.2017","59.6521","","",""
"18.08.2017","59.2490","","",""
"19.08.2017","59.3612","","",""
"22.08.2017","59.1409","","",""
"23.08.2017","59.0396","","",""
"24.08.2017","59.1312","","",""
"25.08.2017","59.1397","","",""
"26.08.2017","59.1476","","",""
"29.08.2017","58.5469","","",""
"30.08.2017","58.5320","","",""
"31.08.2017","58.7306","","",""
"01.09.2017","58.5454","","",""
"02.09.2017","58.0557","","",""
"05.09.2017","57.7817","","",""
"06.09.2017","57.8503","","",""
"07.09.2017","57.3387","","",""
"08.09.2017","57.1411","","",""
"09.09.2017","56.9966","","",""
"12.09.2017","57.1694","","",""
"13.09.2017","57.2656","","",""
"14.09.2017","57.6679","","",""
"15.09.2017","57.7706","","",""
"16.09.2017","57.5336","","",""
"19.09.2017","57.6242","","",""
"20.09.2017","58.0993","","",""
"21.09.2017","58.1290","","",""
"22.09.2017","58.2242","","",""
"23.09.2017","57.6527","","",""
"26.09.2017","57.5660","","",""
"27.09.2017","57.5186","","",""
"28.09.2017","58.0102","","",""
"29.09.2017","58.4255","","",""
"30.09.2017","58.0169","","",""
"03.10.2017","57.8134","","",""
"04.10.2017","57.9375","","",""
"05.10.2017","57.7832","","",""
"06.10.2017","57.5811","","",""
"07.10.2017","57.7612","","",""
"10.10.2017","58.3151","","",""
"11.10.2017","58.0713","","",""
"12.10.2017","57.9210","","",""
"13.10.2017","57.6869","","",""
"14.10.2017","57.6196","","",""
"17.10.2017","57.0861","","",""
"18.10.2017","57.3392","","",""
"19.10.2017","57.2721","","",""
"20.10.2017","57.5706","","",""
"21.10.2017","57.5118","","",""
"24.10.2017","57.4706","","",""
"25.10.2017","57.5852","","",""
"26.10.2017","57.6140","","",""
"27.10.2017","57.7643","","",""
"28.10.2017","58.0833","","",""
"31.10.2017","57.8716","","",""
"01.11.2017","58.1179","","",""
"02.11.2017","58.1557","","",""
"03.11.2017","58.0869","","",""
"04.11.2017","58.4296","","",""
"08.11.2017","58.4557","","",""
"09.11.2017","59.2480","","",""
"10.11.2017","59.2527","","",""
"11.11.2017","59.2808","","",""
"14.11.2017","59.1823","","",""
"15.11.2017","59.6207","","",""
"16.11.2017","60.2490","","",""
"17.11.2017","59.9898","","",""
"18.11.2017","59.6325","","",""
"21.11.2017","59.2746","","",""
"22.11.2017","59.4604","","",""
"23.11.2017","59.0061","","",""
"24.11.2017","58.4622","","",""
"25.11.2017","58.5318","","",""
"28.11.2017","58.2773","","",""
"29.11.2017","58.4125","","",""
"30.11.2017","58.3311","","",""
"01.12.2017","58.5814","","",""
"02.12.2017","58.5182","","",""
"05.12.2017","58.9911","","",""
"06.12.2017","58.6924","","",""
"07.12.2017","58.9281","","",""
"08.12.2017","59.2948","","",""
"09.12.2017","59.2811","","",""
"12.12.2017","59.2348","","",""
"13.12.2017","58.8370","","",""
"14.12.2017","59.1446","","",""
"15.12.2017","58.7082","","",""
"16.12.2017","58.8987","","",""
"19.12.2017","58.6940","","",""
